{
  "eval_financial_qa/loss": 2.949998140335083,
  "eval_financial_qa/perplexity": 19.105918197592832,
  "eval_fingpt/loss": 2.988008737564087,
  "eval_fingpt/perplexity": 19.846124277470768,
  "eval_alpaca/loss": 2.747962236404419,
  "eval_alpaca/perplexity": 15.610788354207708,
  "eval_fiqa/loss": 2.8697118759155273,
  "eval_fiqa/perplexity": 17.631937282118198,
  "eval_twitter/loss": 2.986820697784424,
  "eval_twitter/perplexity": 19.82256029260428,
  "eval_financial_repor/loss": 2.8486685752868652,
  "eval_financial_repor/perplexity": 17.2647797767459,
  "eval_financial_news_/loss": 2.7115235328674316,
  "eval_financial_news_/perplexity": 15.052190561576962,
  "eval_wikitext/loss": 2.9363937377929688,
  "eval_wikitext/perplexity": 18.84775366435261,
  "eval_average/loss": 2.8798859417438507,
  "eval_average/perplexity": 17.897756550833655,
  "eval_loss": 2.8798859417438507,
  "eval_spread/max_min_diff": 4.793933715893806,
  "eval_spread/std_dev": 1.7198090059174223,
  "eval_spread/relative_spread": 26.785109643646987,
  "epoch": 12.256152687091914
}