{
  "eval_financial_qa/loss": 2.1622815132141113,
  "eval_financial_qa/perplexity": 8.6909435587329,
  "eval_fingpt/loss": 2.342686176300049,
  "eval_fingpt/perplexity": 10.409159881039628,
  "eval_alpaca/loss": 2.5385916233062744,
  "eval_alpaca/perplexity": 12.661825787074592,
  "eval_fiqa/loss": 2.5013115406036377,
  "eval_fiqa/perplexity": 12.19848227855869,
  "eval_twitter/loss": 2.220334768295288,
  "eval_twitter/perplexity": 9.21041370432987,
  "eval_financial_repor/loss": 2.1630125045776367,
  "eval_financial_repor/perplexity": 8.697298885976888,
  "eval_financial_news_/loss": 2.6461446285247803,
  "eval_financial_news_/perplexity": 14.099574625499837,
  "eval_wikitext/loss": 2.296884059906006,
  "eval_wikitext/perplexity": 9.943151869627751,
  "eval_average/loss": 2.358905851840973,
  "eval_average/perplexity": 10.738856323855021,
  "eval_loss": 2.358905851840973,
  "eval_spread/max_min_diff": 5.408631066766937,
  "eval_spread/std_dev": 1.889531443800909,
  "eval_spread/relative_spread": 50.36505660991424,
  "epoch": 67.81894150417827
}