{
  "eval_financial_qa/loss": 2.855659246444702,
  "eval_financial_qa/perplexity": 17.385895019960152,
  "eval_fingpt/loss": 2.9274346828460693,
  "eval_fingpt/perplexity": 18.67964975413112,
  "eval_alpaca/loss": 2.920041561126709,
  "eval_alpaca/perplexity": 18.54205807255799,
  "eval_fiqa/loss": 2.962430715560913,
  "eval_fiqa/perplexity": 19.3449366918198,
  "eval_twitter/loss": 2.8968517780303955,
  "eval_twitter/perplexity": 18.11701909598973,
  "eval_financial_repor/loss": 2.7667276859283447,
  "eval_financial_repor/perplexity": 15.906497696877716,
  "eval_financial_news_/loss": 2.8135669231414795,
  "eval_financial_news_/perplexity": 16.66927030970492,
  "eval_wikitext/loss": 2.874940872192383,
  "eval_wikitext/perplexity": 17.724376086978552,
  "eval_average/loss": 2.8772066831588745,
  "eval_average/perplexity": 17.7962128410025,
  "eval_loss": 2.8772066831588745,
  "eval_spread/max_min_diff": 3.438438994942084,
  "eval_spread/std_dev": 1.0519477254429737,
  "eval_spread/relative_spread": 19.321183814007416,
  "epoch": 24.512562814070353
}