{
  "eval_financial_qa/loss": 2.4331166744232178,
  "eval_financial_qa/perplexity": 11.394339242771144,
  "eval_fingpt/loss": 2.5404295921325684,
  "eval_fingpt/perplexity": 12.6851192279069,
  "eval_alpaca/loss": 2.613896131515503,
  "eval_alpaca/perplexity": 13.652137892327058,
  "eval_fiqa/loss": 2.610520601272583,
  "eval_fiqa/perplexity": 13.606132378176184,
  "eval_twitter/loss": 2.4691073894500732,
  "eval_twitter/perplexity": 11.811898719248118,
  "eval_financial_repor/loss": 2.391350269317627,
  "eval_financial_repor/perplexity": 10.928240052430443,
  "eval_financial_news_/loss": 2.539881944656372,
  "eval_financial_news_/perplexity": 12.678174156275542,
  "eval_wikitext/loss": 2.486315965652466,
  "eval_wikitext/perplexity": 12.016923713001079,
  "eval_average/loss": 2.5105773210525513,
  "eval_average/perplexity": 12.34662067276706,
  "eval_loss": 2.5105773210525513,
  "eval_spread/max_min_diff": 2.7238978398966154,
  "eval_spread/std_dev": 0.9238861597759377,
  "eval_spread/relative_spread": 22.061889743682794,
  "epoch": 67.81894150417827
}