{
  "eval_financial_qa/loss": 10.673200607299805,
  "eval_financial_qa/perplexity": Infinity,
  "eval_fingpt/loss": 2.1132030487060547,
  "eval_fingpt/perplexity": 8.274703159914468,
  "eval_alpaca/loss": 3.2389724254608154,
  "eval_alpaca/perplexity": 25.507497421025885,
  "eval_fiqa/loss": 3.1420352458953857,
  "eval_fiqa/perplexity": 23.150936792110443,
  "eval_twitter/loss": 2.7764763832092285,
  "eval_twitter/perplexity": 16.0623236436134,
  "eval_financial_repor/loss": 3.275485038757324,
  "eval_financial_repor/perplexity": 26.45605458084344,
  "eval_financial_news_/loss": 2.9325637817382812,
  "eval_financial_news_/perplexity": 18.77570565451436,
  "eval_wikitext/loss": 3.422079086303711,
  "eval_wikitext/perplexity": 30.633037588619445,
  "eval_average/loss": 3.9467519521713257,
  "eval_average/perplexity": 143.6075323550802,
  "eval_loss": 3.9467519521713257,
  "eval_spread/max_min_diff": 991.7252968400855,
  "eval_spread/std_dev": 323.75123810536326,
  "eval_spread/relative_spread": 690.5802784689397,
  "epoch": 16.34136546184739
}