{
  "eval_financial_qa/loss": 2.1147210597991943,
  "eval_financial_qa/perplexity": 8.287273789867578,
  "eval_fingpt/loss": 2.2346997261047363,
  "eval_fingpt/perplexity": 9.343675769001713,
  "eval_alpaca/loss": 2.2931110858917236,
  "eval_alpaca/perplexity": 9.905707299118987,
  "eval_fiqa/loss": 2.3073179721832275,
  "eval_fiqa/perplexity": 10.047440969523487,
  "eval_twitter/loss": 2.195775270462036,
  "eval_twitter/perplexity": 8.986965685774493,
  "eval_financial_repor/loss": 2.1103551387786865,
  "eval_financial_repor/perplexity": 8.25117107517312,
  "eval_financial_news_/loss": 2.129775047302246,
  "eval_financial_news_/perplexity": 8.412974077345458,
  "eval_wikitext/loss": 2.1851987838745117,
  "eval_wikitext/perplexity": 8.892416046606488,
  "eval_average/loss": 2.1963692605495453,
  "eval_average/perplexity": 9.015953089051415,
  "eval_loss": 2.1963692605495453,
  "eval_spread/max_min_diff": 1.7962698943503668,
  "eval_spread/std_dev": 0.6575125821629766,
  "eval_spread/relative_spread": 19.923239136322476,
  "epoch": 249.12244897959184
}