{
  "eval_financial_qa/loss": 3.3979876041412354,
  "eval_financial_qa/perplexity": 29.90386104923458,
  "eval_fingpt/loss": 1.2991808652877808,
  "eval_fingpt/perplexity": 3.6662922500287287,
  "eval_alpaca/loss": 2.222630500793457,
  "eval_alpaca/perplexity": 9.231582640202124,
  "eval_fiqa/loss": 2.0660483837127686,
  "eval_fiqa/perplexity": 7.893569050454497,
  "eval_twitter/loss": 1.4484851360321045,
  "eval_twitter/perplexity": 4.256661365654679,
  "eval_financial_repor/loss": 1.384934663772583,
  "eval_financial_repor/perplexity": 3.99456490648924,
  "eval_financial_news_/loss": 2.6174705028533936,
  "eval_financial_news_/perplexity": 13.701023017458498,
  "eval_wikitext/loss": 1.5636177062988281,
  "eval_wikitext/perplexity": 4.7760684415663155,
  "eval_average/loss": 2.000044420361519,
  "eval_average/perplexity": 9.677952840136083,
  "eval_loss": 2.000044420361519,
  "eval_spread/max_min_diff": 26.237568799205853,
  "eval_spread/std_dev": 8.295447258602195,
  "eval_spread/relative_spread": 271.10659901538565,
  "epoch": 16.38523489932886
}