{
  "eval_financial_qa/loss": 3.4583585262298584,
  "eval_financial_qa/perplexity": 31.764792623235337,
  "eval_fingpt/loss": 3.364696741104126,
  "eval_fingpt/perplexity": 28.924724288919393,
  "eval_alpaca/loss": 3.1454110145568848,
  "eval_alpaca/perplexity": 23.229221059463068,
  "eval_fiqa/loss": 3.2430388927459717,
  "eval_fiqa/perplexity": 25.611434008956035,
  "eval_twitter/loss": 3.480558156967163,
  "eval_twitter/perplexity": 32.477844753071395,
  "eval_financial_repor/loss": 3.328889846801758,
  "eval_financial_repor/perplexity": 27.907343073638632,
  "eval_financial_news_/loss": 2.767181158065796,
  "eval_financial_news_/perplexity": 15.913712486116994,
  "eval_wikitext/loss": 3.3220913410186768,
  "eval_wikitext/perplexity": 27.718258315558593,
  "eval_average/loss": 3.2637782096862793,
  "eval_average/perplexity": 26.69341632611993,
  "eval_loss": 3.2637782096862793,
  "eval_spread/max_min_diff": 16.564132266954402,
  "eval_spread/std_dev": 4.950435254959098,
  "eval_spread/relative_spread": 62.05324962749761,
  "epoch": 5.622826212138662
}