{
  "eval_financial_qa/loss": 2.006216526031494,
  "eval_financial_qa/perplexity": 7.435133430594836,
  "eval_fingpt/loss": 2.1536312103271484,
  "eval_fingpt/perplexity": 8.616088490850315,
  "eval_alpaca/loss": 2.230978488922119,
  "eval_alpaca/perplexity": 9.30897034890654,
  "eval_fiqa/loss": 2.2461938858032227,
  "eval_fiqa/perplexity": 9.451693065259015,
  "eval_twitter/loss": 2.1013011932373047,
  "eval_twitter/perplexity": 8.176802593718783,
  "eval_financial_repor/loss": 2.002152681350708,
  "eval_financial_repor/perplexity": 7.404979515065489,
  "eval_financial_news_/loss": 2.171947717666626,
  "eval_financial_news_/perplexity": 8.775359328818366,
  "eval_wikitext/loss": 2.10787296295166,
  "eval_wikitext/perplexity": 8.230715615312175,
  "eval_average/loss": 2.1275368332862854,
  "eval_average/perplexity": 8.42496779856569,
  "eval_loss": 2.1275368332862854,
  "eval_spread/max_min_diff": 2.046713550193526,
  "eval_spread/std_dev": 0.7171466621146249,
  "eval_spread/relative_spread": 24.293428759952874,
  "epoch": 249.12244897959184
}