{
  "eval_financial_qa/loss": 4.638610363006592,
  "eval_financial_qa/perplexity": 103.4005584579041,
  "eval_fingpt/loss": 4.675127983093262,
  "eval_fingpt/perplexity": 107.24629192593395,
  "eval_alpaca/loss": 4.1427154541015625,
  "eval_alpaca/perplexity": 62.97359138231955,
  "eval_fiqa/loss": 4.170505523681641,
  "eval_fiqa/perplexity": 64.74817557155757,
  "eval_twitter/loss": 4.65704345703125,
  "eval_twitter/perplexity": 105.32422577627243,
  "eval_financial_repor/loss": 4.424651145935059,
  "eval_financial_repor/perplexity": 83.48367852089544,
  "eval_financial_news_/loss": 3.8963425159454346,
  "eval_financial_news_/perplexity": 49.22209046615163,
  "eval_wikitext/loss": 4.523219585418701,
  "eval_wikitext/perplexity": 92.13174701306552,
  "eval_average/loss": 4.391027003526688,
  "eval_average/perplexity": 83.56629488926251,
  "eval_loss": 4.391027003526688,
  "eval_spread/max_min_diff": 58.02420145978232,
  "eval_spread/std_dev": 20.792507823844762,
  "eval_spread/relative_spread": 69.43493370942534,
  "epoch": 6.88882618510158
}