{
  "eval_financial_qa/loss": 4.7656025886535645,
  "eval_financial_qa/perplexity": 117.40184099430785,
  "eval_fingpt/loss": 4.715347766876221,
  "eval_fingpt/perplexity": 111.64763177119633,
  "eval_alpaca/loss": 4.154706001281738,
  "eval_alpaca/perplexity": 63.733224306887585,
  "eval_fiqa/loss": 4.2920637130737305,
  "eval_fiqa/perplexity": 73.11720584043181,
  "eval_twitter/loss": 4.776899337768555,
  "eval_twitter/perplexity": 118.73561963467493,
  "eval_financial_repor/loss": 4.538576602935791,
  "eval_financial_repor/perplexity": 93.55753577617814,
  "eval_financial_news_/loss": 3.9199774265289307,
  "eval_financial_news_/perplexity": 50.39930707792438,
  "eval_wikitext/loss": 4.628937244415283,
  "eval_wikitext/perplexity": 102.40517458807084,
  "eval_average/loss": 4.474013835191727,
  "eval_average/perplexity": 91.37469249870898,
  "eval_loss": 4.474013835191727,
  "eval_spread/max_min_diff": 68.33631255675056,
  "eval_spread/std_dev": 24.340886365469952,
  "eval_spread/relative_spread": 74.78691384675912,
  "epoch": 12.256024096385541
}