{
  "eval_financial_qa/loss": 3.6624579429626465,
  "eval_financial_qa/perplexity": 38.956979321883516,
  "eval_fingpt/loss": 3.489668846130371,
  "eval_fingpt/perplexity": 32.775092310281906,
  "eval_alpaca/loss": 3.570866107940674,
  "eval_alpaca/perplexity": 35.547367680090744,
  "eval_fiqa/loss": 3.5736050605773926,
  "eval_fiqa/perplexity": 35.64486369405868,
  "eval_twitter/loss": 3.677377223968506,
  "eval_twitter/perplexity": 39.54254670418835,
  "eval_financial_repor/loss": 3.5255446434020996,
  "eval_financial_repor/perplexity": 33.9722713519016,
  "eval_financial_news_/loss": 3.3577561378479004,
  "eval_financial_news_/perplexity": 28.724664324859585,
  "eval_wikitext/loss": 3.655717134475708,
  "eval_wikitext/perplexity": 38.695260873022754,
  "eval_average/loss": 3.5641241371631622,
  "eval_average/perplexity": 35.48238078253589,
  "eval_loss": 3.5641241371631622,
  "eval_spread/max_min_diff": 10.817882379328761,
  "eval_spread/std_dev": 3.4312457263554683,
  "eval_spread/relative_spread": 30.488039812292488,
  "epoch": 29.62864077669903
}