{
  "eval_financial_qa/loss": 2.831901788711548,
  "eval_financial_qa/perplexity": 16.977718174258516,
  "eval_fingpt/loss": 2.9091439247131348,
  "eval_fingpt/perplexity": 18.341090490026318,
  "eval_alpaca/loss": 2.9551358222961426,
  "eval_alpaca/perplexity": 19.204330919024653,
  "eval_fiqa/loss": 3.0002243518829346,
  "eval_fiqa/perplexity": 20.090043656744314,
  "eval_twitter/loss": 2.880751848220825,
  "eval_twitter/perplexity": 17.82767184545796,
  "eval_financial_repor/loss": 2.79837703704834,
  "eval_financial_repor/perplexity": 16.417979364594323,
  "eval_financial_news_/loss": 2.871983289718628,
  "eval_financial_news_/perplexity": 17.67203222670293,
  "eval_wikitext/loss": 2.8818199634552,
  "eval_wikitext/perplexity": 17.846724026500603,
  "eval_average/loss": 2.891167253255844,
  "eval_average/perplexity": 18.047198837913704,
  "eval_loss": 2.891167253255844,
  "eval_spread/max_min_diff": 3.67206429214999,
  "eval_spread/std_dev": 1.0969172216324758,
  "eval_spread/relative_spread": 20.34700412584632,
  "epoch": 67.81894150417827
}