{
  "eval_financial_qa/loss": 3.8707311153411865,
  "eval_financial_qa/perplexity": 47.9774503112125,
  "eval_fingpt/loss": 3.8773746490478516,
  "eval_fingpt/perplexity": 48.297251247423084,
  "eval_alpaca/loss": 3.639151096343994,
  "eval_alpaca/perplexity": 38.059514147257296,
  "eval_fiqa/loss": 3.7387185096740723,
  "eval_fiqa/perplexity": 42.04407655012556,
  "eval_twitter/loss": 3.881248712539673,
  "eval_twitter/perplexity": 48.48472076517576,
  "eval_financial_repor/loss": 3.747422456741333,
  "eval_financial_repor/perplexity": 42.41162319979987,
  "eval_financial_news_/loss": 3.274714946746826,
  "eval_financial_news_/perplexity": 26.43568882733994,
  "eval_wikitext/loss": 3.653271436691284,
  "eval_wikitext/perplexity": 38.60073959159661,
  "eval_average/loss": 3.7103291153907776,
  "eval_average/perplexity": 41.53888307999132,
  "eval_loss": 3.7103291153907776,
  "eval_spread/max_min_diff": 22.049031937835817,
  "eval_spread/std_dev": 6.939357113119529,
  "eval_spread/relative_spread": 53.08046414097378,
  "epoch": 16.341594105827195
}