{
  "eval_financial_qa/loss": 4.066161632537842,
  "eval_financial_qa/perplexity": 58.33263026237915,
  "eval_fingpt/loss": 4.069858551025391,
  "eval_fingpt/perplexity": 58.548680355348246,
  "eval_alpaca/loss": 3.7891998291015625,
  "eval_alpaca/perplexity": 44.221001756734125,
  "eval_fiqa/loss": 3.8461906909942627,
  "eval_fiqa/perplexity": 46.814392654378324,
  "eval_twitter/loss": 4.077119827270508,
  "eval_twitter/perplexity": 58.97536576271418,
  "eval_financial_repor/loss": 3.9086670875549316,
  "eval_financial_repor/perplexity": 49.832485346264576,
  "eval_financial_news_/loss": 3.516289710998535,
  "eval_financial_news_/perplexity": 33.65931072551698,
  "eval_wikitext/loss": 3.880288600921631,
  "eval_wikitext/perplexity": 48.43819236127638,
  "eval_average/loss": 3.894221991300583,
  "eval_average/perplexity": 49.852757403076495,
  "eval_loss": 3.894221991300583,
  "eval_spread/max_min_diff": 25.316055037197202,
  "eval_spread/std_dev": 8.184793487804765,
  "eval_spread/relative_spread": 50.78165452817041,
  "epoch": 16.38523489932886
}