{
  "eval_financial_qa/loss": 2.464937448501587,
  "eval_financial_qa/perplexity": 11.762746351558155,
  "eval_fingpt/loss": 2.7430779933929443,
  "eval_fingpt/perplexity": 15.534727371654395,
  "eval_alpaca/loss": 3.006298303604126,
  "eval_alpaca/perplexity": 20.2124409533282,
  "eval_fiqa/loss": 2.9788928031921387,
  "eval_fiqa/perplexity": 19.6660304200644,
  "eval_twitter/loss": 2.5339243412017822,
  "eval_twitter/perplexity": 12.602867169446021,
  "eval_financial_repor/loss": 2.4806301593780518,
  "eval_financial_repor/perplexity": 11.948791689048985,
  "eval_financial_news_/loss": 3.168389081954956,
  "eval_financial_news_/perplexity": 23.769163324579758,
  "eval_wikitext/loss": 2.6904213428497314,
  "eval_wikitext/perplexity": 14.737884314595604,
  "eval_average/loss": 2.7583214342594147,
  "eval_average/perplexity": 16.27933144928444,
  "eval_loss": 2.7583214342594147,
  "eval_spread/max_min_diff": 12.006416973021603,
  "eval_spread/std_dev": 4.162881536148459,
  "eval_spread/relative_spread": 73.75251871015467,
  "epoch": 67.81666666666666
}