{
  "eval_financial_qa/loss": 3.6608736515045166,
  "eval_financial_qa/perplexity": 38.89530897710881,
  "eval_fingpt/loss": 3.6384096145629883,
  "eval_fingpt/perplexity": 38.03130417080744,
  "eval_alpaca/loss": 3.3927369117736816,
  "eval_alpaca/perplexity": 29.747256575017346,
  "eval_fiqa/loss": 3.4559390544891357,
  "eval_fiqa/perplexity": 31.688031503259417,
  "eval_twitter/loss": 3.663064956665039,
  "eval_twitter/perplexity": 38.980633920742214,
  "eval_financial_repor/loss": 3.510343074798584,
  "eval_financial_repor/perplexity": 33.459745010338864,
  "eval_financial_news_/loss": 2.8605475425720215,
  "eval_financial_news_/perplexity": 17.471090483935996,
  "eval_wikitext/loss": 3.535888671875,
  "eval_wikitext/perplexity": 34.325505275303506,
  "eval_average/loss": 3.464725434780121,
  "eval_average/perplexity": 32.8248594895642,
  "eval_loss": 3.464725434780121,
  "eval_spread/max_min_diff": 21.50954343680622,
  "eval_spread/std_dev": 6.623898396094162,
  "eval_spread/relative_spread": 65.52821176171253,
  "epoch": 2.857443820224719
}