{
  "eval_financial_qa/loss": 4.579711437225342,
  "eval_financial_qa/perplexity": 97.48625924243946,
  "eval_fingpt/loss": 4.435943603515625,
  "eval_fingpt/perplexity": 84.43175741474298,
  "eval_alpaca/loss": 4.0701189041137695,
  "eval_alpaca/perplexity": 58.56392566959548,
  "eval_fiqa/loss": 4.1435346603393555,
  "eval_fiqa/perplexity": 63.025200877720195,
  "eval_twitter/loss": 4.586321830749512,
  "eval_twitter/perplexity": 98.13281642353401,
  "eval_financial_repor/loss": 4.351171970367432,
  "eval_financial_repor/perplexity": 77.56931861761369,
  "eval_financial_news_/loss": 3.655447483062744,
  "eval_financial_news_/perplexity": 38.68482804792957,
  "eval_wikitext/loss": 4.4079790115356445,
  "eval_wikitext/perplexity": 82.10336576483263,
  "eval_average/loss": 4.278778612613678,
  "eval_average/perplexity": 74.999684007301,
  "eval_loss": 4.278778612613678,
  "eval_spread/max_min_diff": 59.44798837560444,
  "eval_spread/std_dev": 19.102056068014832,
  "eval_spread/relative_spread": 79.26431846008491,
  "epoch": 5.635734072022161
}