{
  "eval_financial_qa/loss": 1.844283938407898,
  "eval_financial_qa/perplexity": 6.323570103152253,
  "eval_fingpt/loss": 1.9469938278198242,
  "eval_fingpt/perplexity": 7.007589863095538,
  "eval_alpaca/loss": 1.9626078605651855,
  "eval_alpaca/perplexity": 7.117865282285473,
  "eval_fiqa/loss": 1.9572094678878784,
  "eval_fiqa/perplexity": 7.079543780789829,
  "eval_twitter/loss": 1.8836638927459717,
  "eval_twitter/perplexity": 6.577560242372729,
  "eval_financial_repor/loss": 1.8153738975524902,
  "eval_financial_repor/perplexity": 6.143372740110167,
  "eval_financial_news_/loss": 2.0060296058654785,
  "eval_financial_news_/perplexity": 7.433743784100163,
  "eval_wikitext/loss": 1.9056185483932495,
  "eval_wikitext/perplexity": 6.723565192121469,
  "eval_average/loss": 1.915222629904747,
  "eval_average/perplexity": 6.800851373503453,
  "eval_loss": 1.915222629904747,
  "eval_spread/max_min_diff": 1.290371043989996,
  "eval_spread/std_dev": 0.40886558460285377,
  "eval_spread/relative_spread": 18.973669223494035,
  "epoch": 6.869687587953842
}