{
  "eval_financial_qa/loss": 3.8978846073150635,
  "eval_financial_qa/perplexity": 49.29805398334298,
  "eval_fingpt/loss": 3.9737579822540283,
  "eval_fingpt/perplexity": 53.18402037059518,
  "eval_alpaca/loss": 3.8639028072357178,
  "eval_alpaca/perplexity": 47.650961450206516,
  "eval_fiqa/loss": 3.8548669815063477,
  "eval_fiqa/perplexity": 47.22233507960306,
  "eval_twitter/loss": 3.937659978866577,
  "eval_twitter/perplexity": 51.29842135347969,
  "eval_financial_repor/loss": 3.7164511680603027,
  "eval_financial_repor/perplexity": 41.11821324789895,
  "eval_financial_news_/loss": 3.709963321685791,
  "eval_financial_news_/perplexity": 40.85230810571779,
  "eval_wikitext/loss": 3.8922510147094727,
  "eval_wikitext/perplexity": 49.0211096591574,
  "eval_average/loss": 3.8558422327041626,
  "eval_average/perplexity": 47.4556779062502,
  "eval_loss": 3.8558422327041626,
  "eval_spread/max_min_diff": 12.331712264877389,
  "eval_spread/std_dev": 4.1425542592737905,
  "eval_spread/relative_spread": 25.985746719789727,
  "epoch": 24.462925851703407
}