{
  "eval_financial_qa/loss": 2.1476633548736572,
  "eval_financial_qa/perplexity": 8.564822047679376,
  "eval_fingpt/loss": 2.2168383598327637,
  "eval_fingpt/perplexity": 9.178266568419268,
  "eval_alpaca/loss": 2.1059763431549072,
  "eval_alpaca/perplexity": 8.215119871408087,
  "eval_fiqa/loss": 2.221385955810547,
  "eval_fiqa/perplexity": 9.2201006667412,
  "eval_twitter/loss": 2.193803310394287,
  "eval_twitter/perplexity": 8.969261210308408,
  "eval_financial_repor/loss": 2.1097512245178223,
  "eval_financial_repor/perplexity": 8.24618957964149,
  "eval_financial_news_/loss": 2.1493122577667236,
  "eval_financial_news_/perplexity": 8.578956257299525,
  "eval_wikitext/loss": 2.183454990386963,
  "eval_wikitext/perplexity": 8.876923021659797,
  "eval_average/loss": 2.166023224592209,
  "eval_average/perplexity": 8.731204902894644,
  "eval_loss": 2.166023224592209,
  "eval_spread/max_min_diff": 1.004980795333113,
  "eval_spread/std_dev": 0.3655875928615919,
  "eval_spread/relative_spread": 11.51021888170249,
  "epoch": 12.243731193580743
}