{
  "eval_financial_qa/loss": 3.902508497238159,
  "eval_financial_qa/perplexity": 49.526530576617645,
  "eval_fingpt/loss": 3.9032411575317383,
  "eval_fingpt/perplexity": 49.56282999499736,
  "eval_alpaca/loss": 3.6087496280670166,
  "eval_alpaca/perplexity": 36.91986038478691,
  "eval_fiqa/loss": 3.6552014350891113,
  "eval_fiqa/perplexity": 38.67531089526412,
  "eval_twitter/loss": 3.9097185134887695,
  "eval_twitter/perplexity": 49.884908068180486,
  "eval_financial_repor/loss": 3.730064630508423,
  "eval_financial_repor/perplexity": 41.68180199303138,
  "eval_financial_news_/loss": 3.1313865184783936,
  "eval_financial_news_/perplexity": 22.905716734768223,
  "eval_wikitext/loss": 3.8103673458099365,
  "eval_wikitext/perplexity": 45.16702773759269,
  "eval_average/loss": 3.7064047157764435,
  "eval_average/perplexity": 41.79049829815485,
  "eval_loss": 3.7064047157764435,
  "eval_spread/max_min_diff": 26.979191333412263,
  "eval_spread/std_dev": 8.56774512212431,
  "eval_spread/relative_spread": 64.55819488183384,
  "epoch": 2.851436580238262
}