{
  "eval_financial_qa/loss": 3.080732822418213,
  "eval_financial_qa/perplexity": 21.774353285128168,
  "eval_fingpt/loss": 3.1531567573547363,
  "eval_fingpt/perplexity": 23.40984727019159,
  "eval_alpaca/loss": 3.137448787689209,
  "eval_alpaca/perplexity": 23.04499911315323,
  "eval_fiqa/loss": 3.1417794227600098,
  "eval_fiqa/perplexity": 23.14501500437084,
  "eval_twitter/loss": 3.1295197010040283,
  "eval_twitter/perplexity": 22.862995830976644,
  "eval_financial_repor/loss": 2.963418483734131,
  "eval_financial_repor/perplexity": 19.364054444996547,
  "eval_financial_news_/loss": 3.0751309394836426,
  "eval_financial_news_/perplexity": 21.65271692147379,
  "eval_wikitext/loss": 3.1005492210388184,
  "eval_wikitext/perplexity": 22.210146211853697,
  "eval_average/loss": 3.0977170169353485,
  "eval_average/perplexity": 22.183016010268062,
  "eval_loss": 3.0977170169353485,
  "eval_spread/max_min_diff": 4.0457928251950435,
  "eval_spread/std_dev": 1.2263486011337494,
  "eval_spread/relative_spread": 18.23824507597312,
  "epoch": 24.316733067729082
}