{
  "eval_financial_qa/loss": 2.1147518157958984,
  "eval_financial_qa/perplexity": 8.287528677152583,
  "eval_fingpt/loss": 2.2520828247070312,
  "eval_fingpt/perplexity": 9.507517720919825,
  "eval_alpaca/loss": 2.294985055923462,
  "eval_alpaca/perplexity": 9.924287701862168,
  "eval_fiqa/loss": 2.3127667903900146,
  "eval_fiqa/perplexity": 10.102337072432048,
  "eval_twitter/loss": 2.2078843116760254,
  "eval_twitter/perplexity": 9.096450765520784,
  "eval_financial_repor/loss": 2.103203535079956,
  "eval_financial_repor/perplexity": 8.192372472352227,
  "eval_financial_news_/loss": 2.224865436553955,
  "eval_financial_news_/perplexity": 9.252237707147016,
  "eval_wikitext/loss": 2.205531120300293,
  "eval_wikitext/perplexity": 9.075070242127453,
  "eval_average/loss": 2.2145088613033295,
  "eval_average/perplexity": 9.179725294939264,
  "eval_loss": 2.2145088613033295,
  "eval_spread/max_min_diff": 1.909964600079821,
  "eval_spread/std_dev": 0.6429482213420383,
  "eval_spread/relative_spread": 20.806337212865998,
  "epoch": 249.12244897959184
}