{
  "eval_financial_qa/loss": 5.112608432769775,
  "eval_financial_qa/perplexity": 166.10305895076937,
  "eval_fingpt/loss": 5.080885410308838,
  "eval_fingpt/perplexity": 160.91646997324798,
  "eval_alpaca/loss": 4.567567825317383,
  "eval_alpaca/perplexity": 96.30958295400633,
  "eval_fiqa/loss": 4.6182541847229,
  "eval_fiqa/perplexity": 101.31699687810773,
  "eval_twitter/loss": 5.107296943664551,
  "eval_twitter/perplexity": 165.2231432627777,
  "eval_financial_repor/loss": 4.849936008453369,
  "eval_financial_repor/perplexity": 127.73221580245301,
  "eval_financial_news_/loss": 3.956019401550293,
  "eval_financial_news_/perplexity": 52.24892944532321,
  "eval_wikitext/loss": 4.946677207946777,
  "eval_wikitext/perplexity": 140.70664736340146,
  "eval_average/loss": 4.779905676841736,
  "eval_average/perplexity": 126.31963057876085,
  "eval_loss": 4.779905676841736,
  "eval_spread/max_min_diff": 113.85412950544615,
  "eval_spread/std_dev": 37.93799354548479,
  "eval_spread/relative_spread": 90.13177839722829,
  "epoch": 2.8481101259916004
}