{
  "eval_financial_qa/loss": 1.8308595418930054,
  "eval_financial_qa/perplexity": 6.239247248759867,
  "eval_fingpt/loss": 1.734875202178955,
  "eval_fingpt/perplexity": 5.668220378110915,
  "eval_alpaca/loss": 2.1129345893859863,
  "eval_alpaca/perplexity": 8.27248203688432,
  "eval_fiqa/loss": 2.0991992950439453,
  "eval_fiqa/perplexity": 8.159633836929956,
  "eval_twitter/loss": 1.8662748336791992,
  "eval_twitter/perplexity": 6.464171378815885,
  "eval_financial_repor/loss": 1.824007272720337,
  "eval_financial_repor/perplexity": 6.196640390718442,
  "eval_financial_news_/loss": 2.069108247756958,
  "eval_financial_news_/perplexity": 7.917759289119101,
  "eval_wikitext/loss": 1.9864805936813354,
  "eval_wikitext/perplexity": 7.289832679367211,
  "eval_average/loss": 1.9404674470424652,
  "eval_average/perplexity": 7.025998404838212,
  "eval_loss": 1.9404674470424652,
  "eval_spread/max_min_diff": 2.604261658773405,
  "eval_spread/std_dev": 0.9466863004191406,
  "eval_spread/relative_spread": 37.0660724457334,
  "epoch": 29.55757575757576
}