{
  "eval_financial_qa/loss": 3.370168685913086,
  "eval_financial_qa/perplexity": 29.083432609422108,
  "eval_fingpt/loss": 3.5695807933807373,
  "eval_fingpt/perplexity": 35.501707480989474,
  "eval_alpaca/loss": 3.477543354034424,
  "eval_alpaca/perplexity": 32.38007789940989,
  "eval_fiqa/loss": 3.527207612991333,
  "eval_fiqa/perplexity": 34.02881320669913,
  "eval_twitter/loss": 3.5176939964294434,
  "eval_twitter/perplexity": 33.70661120910011,
  "eval_financial_repor/loss": 3.4412529468536377,
  "eval_financial_repor/perplexity": 31.226058259473888,
  "eval_financial_news_/loss": 3.373683452606201,
  "eval_financial_news_/perplexity": 29.185833942658252,
  "eval_wikitext/loss": 3.302762746810913,
  "eval_wikitext/perplexity": 27.18764784499414,
  "eval_average/loss": 3.447486698627472,
  "eval_average/perplexity": 31.537522806593376,
  "eval_loss": 3.447486698627472,
  "eval_spread/max_min_diff": 8.314059635995335,
  "eval_spread/std_dev": 2.6904356786347154,
  "eval_spread/relative_spread": 26.362437173591708,
  "epoch": 16.363636363636363
}