{
  "eval_financial_qa/loss": 2.0061421394348145,
  "eval_financial_qa/perplexity": 7.434580376893221,
  "eval_fingpt/loss": 2.109041213989258,
  "eval_fingpt/perplexity": 8.240336776241298,
  "eval_alpaca/loss": 2.183997869491577,
  "eval_alpaca/perplexity": 8.881743426011536,
  "eval_fiqa/loss": 2.1889915466308594,
  "eval_fiqa/perplexity": 8.926206910860802,
  "eval_twitter/loss": 2.0860543251037598,
  "eval_twitter/perplexity": 8.053077569207788,
  "eval_financial_repor/loss": 2.0058135986328125,
  "eval_financial_repor/perplexity": 7.432138215090514,
  "eval_financial_news_/loss": 2.042922019958496,
  "eval_financial_news_/perplexity": 7.713114176435243,
  "eval_wikitext/loss": 2.0797598361968994,
  "eval_wikitext/perplexity": 8.002546761425105,
  "eval_average/loss": 2.0878403186798096,
  "eval_average/perplexity": 8.085468026520688,
  "eval_loss": 2.0878403186798096,
  "eval_spread/max_min_diff": 1.494068695770288,
  "eval_spread/std_dev": 0.5433631101367888,
  "eval_spread/relative_spread": 18.478444177500638,
  "epoch": 249.12244897959184
}