{
  "eval_financial_qa/loss": 3.8699734210968018,
  "eval_financial_qa/perplexity": 47.94111184171453,
  "eval_fingpt/loss": 3.7495367527008057,
  "eval_fingpt/perplexity": 42.50138878543385,
  "eval_alpaca/loss": 3.4776034355163574,
  "eval_alpaca/perplexity": 32.38202340091893,
  "eval_fiqa/loss": 3.556349515914917,
  "eval_fiqa/perplexity": 35.03506846169482,
  "eval_twitter/loss": 3.8798370361328125,
  "eval_twitter/perplexity": 48.41632431696302,
  "eval_financial_repor/loss": 3.693143606185913,
  "eval_financial_repor/perplexity": 40.17093026018875,
  "eval_financial_news_/loss": 3.126209020614624,
  "eval_financial_news_/perplexity": 22.787428917007656,
  "eval_wikitext/loss": 3.73659086227417,
  "eval_wikitext/perplexity": 41.95471667683356,
  "eval_average/loss": 3.63615545630455,
  "eval_average/perplexity": 38.89862408259439,
  "eval_loss": 3.63615545630455,
  "eval_spread/max_min_diff": 25.628895399955365,
  "eval_spread/std_dev": 8.00980131797206,
  "eval_spread/relative_spread": 65.88638031395895,
  "epoch": 5.651539708265802
}