{
  "eval_financial_qa/loss": 2.1146538257598877,
  "eval_financial_qa/perplexity": 8.28671662170639,
  "eval_fingpt/loss": 2.306472063064575,
  "eval_fingpt/perplexity": 10.038945341359508,
  "eval_alpaca/loss": 2.3811769485473633,
  "eval_alpaca/perplexity": 10.817627165116445,
  "eval_fiqa/loss": 2.399393081665039,
  "eval_fiqa/perplexity": 11.01648824256879,
  "eval_twitter/loss": 2.212700128555298,
  "eval_twitter/perplexity": 9.140363259054118,
  "eval_financial_repor/loss": 2.1058855056762695,
  "eval_financial_repor/perplexity": 8.214373664524551,
  "eval_financial_news_/loss": 2.361210584640503,
  "eval_financial_news_/perplexity": 10.603780459322996,
  "eval_wikitext/loss": 2.241339921951294,
  "eval_wikitext/perplexity": 9.40592605434855,
  "eval_average/loss": 2.2653540074825287,
  "eval_average/perplexity": 9.690527601000168,
  "eval_loss": 2.2653540074825287,
  "eval_spread/max_min_diff": 2.8021145780442396,
  "eval_spread/std_dev": 1.0318275842355966,
  "eval_spread/relative_spread": 28.916016685768795,
  "epoch": 249.12244897959184
}