{
  "eval_financial_qa/loss": 2.6052072048187256,
  "eval_financial_qa/perplexity": 13.534029328327412,
  "eval_fingpt/loss": 2.71370005607605,
  "eval_fingpt/perplexity": 15.084987682574937,
  "eval_alpaca/loss": 2.561528205871582,
  "eval_alpaca/perplexity": 12.955601020455145,
  "eval_fiqa/loss": 2.5642449855804443,
  "eval_fiqa/perplexity": 12.990846389697108,
  "eval_twitter/loss": 2.646024703979492,
  "eval_twitter/perplexity": 14.097883841809377,
  "eval_financial_repor/loss": 2.5262393951416016,
  "eval_financial_repor/perplexity": 12.506386016109527,
  "eval_financial_news_/loss": 2.544842481613159,
  "eval_financial_news_/perplexity": 12.741220951418718,
  "eval_wikitext/loss": 2.6255719661712646,
  "eval_wikitext/perplexity": 13.8124721939916,
  "eval_average/loss": 2.59841987490654,
  "eval_average/perplexity": 13.465428428047979,
  "eval_loss": 2.59841987490654,
  "eval_spread/max_min_diff": 2.57860166646541,
  "eval_spread/std_dev": 0.7966734276100872,
  "eval_spread/relative_spread": 19.149792969782382,
  "epoch": 6.85016835016835
}