{
  "eval_financial_qa/loss": 2.317378520965576,
  "eval_financial_qa/perplexity": 10.14903392307798,
  "eval_fingpt/loss": 2.5038931369781494,
  "eval_fingpt/perplexity": 12.230014520431627,
  "eval_alpaca/loss": 2.6623375415802,
  "eval_alpaca/perplexity": 14.32974635752069,
  "eval_fiqa/loss": 2.6574249267578125,
  "eval_fiqa/perplexity": 14.25952246585984,
  "eval_twitter/loss": 2.399533987045288,
  "eval_twitter/perplexity": 11.018040634401231,
  "eval_financial_repor/loss": 2.319373369216919,
  "eval_financial_repor/perplexity": 10.169299912718676,
  "eval_financial_news_/loss": 2.802140474319458,
  "eval_financial_news_/perplexity": 16.47988381374199,
  "eval_wikitext/loss": 2.4661471843719482,
  "eval_wikitext/perplexity": 11.776984778384984,
  "eval_average/loss": 2.516028642654419,
  "eval_average/perplexity": 12.551565800767127,
  "eval_loss": 2.516028642654419,
  "eval_spread/max_min_diff": 6.330849890664009,
  "eval_spread/std_dev": 2.1217075988453007,
  "eval_spread/relative_spread": 50.43872606138973,
  "epoch": 68.19553072625699
}