{
  "eval_financial_qa/loss": 2.3841326236724854,
  "eval_financial_qa/perplexity": 10.849647854707982,
  "eval_fingpt/loss": 2.257603168487549,
  "eval_fingpt/perplexity": 9.560147621155462,
  "eval_alpaca/loss": 2.5479021072387695,
  "eval_alpaca/perplexity": 12.780264015665333,
  "eval_fiqa/loss": 2.548537254333496,
  "eval_fiqa/perplexity": 12.78838394162544,
  "eval_twitter/loss": 2.4025766849517822,
  "eval_twitter/perplexity": 11.05161625790925,
  "eval_financial_repor/loss": 2.3148093223571777,
  "eval_financial_repor/perplexity": 10.122992506356495,
  "eval_financial_news_/loss": 2.449441909790039,
  "eval_financial_news_/perplexity": 11.581881180714445,
  "eval_wikitext/loss": 2.439070463180542,
  "eval_wikitext/perplexity": 11.462381084033444,
  "eval_average/loss": 2.41800919175148,
  "eval_average/perplexity": 11.27466430777098,
  "eval_loss": 2.41800919175148,
  "eval_spread/max_min_diff": 3.2282363204699784,
  "eval_spread/std_dev": 1.071453582185043,
  "eval_spread/relative_spread": 28.632660204747207,
  "epoch": 29.55757575757576
}